<?xml version="1.0" encoding="UTF-8"?>
<export version="D">
  <design>
    <source>C:\Users\jsmit\Desktop\ECE 49022\Motor board\Motor board.sch</source>
    <date>2/17/2022 1:34:17 PM</date>
    <tool>Eeschema (5.1.5)-3</tool>
    <sheet number="1" name="/" tstamps="/">
      <title_block>
        <title/>
        <company/>
        <rev/>
        <date/>
        <source>Motor board.sch</source>
        <comment number="1" value=""/>
        <comment number="2" value=""/>
        <comment number="3" value=""/>
        <comment number="4" value=""/>
      </title_block>
    </sheet>
  </design>
  <components>
    <comp ref="Motor1Conn1">
      <value>Conn_01x03_Female</value>
      <footprint>Connector_PinSocket_2.54mm:PinSocket_1x03_P2.54mm_Vertical</footprint>
      <datasheet>~</datasheet>
      <libsource lib="Connector" part="Conn_01x03_Female" description="Generic connector, single row, 01x03, script generated (kicad-library-utils/schlib/autogen/connector/)"/>
      <sheetpath names="/" tstamps="/"/>
      <tstamp>61F5AD23</tstamp>
    </comp>
    <comp ref="C3">
      <value>10uf</value>
      <footprint>Capacitor_SMD:C_0805_2012Metric</footprint>
      <datasheet>~</datasheet>
      <libsource lib="Device" part="C" description="Unpolarized capacitor"/>
      <sheetpath names="/" tstamps="/"/>
      <tstamp>61F6C378</tstamp>
    </comp>
    <comp ref="Motor2Conn1">
      <value>Conn_01x03_Female</value>
      <footprint>Connector_PinSocket_2.54mm:PinSocket_1x03_P2.54mm_Vertical</footprint>
      <datasheet>~</datasheet>
      <libsource lib="Connector" part="Conn_01x03_Female" description="Generic connector, single row, 01x03, script generated (kicad-library-utils/schlib/autogen/connector/)"/>
      <sheetpath names="/" tstamps="/"/>
      <tstamp>61F73799</tstamp>
    </comp>
    <comp ref="Motor3Conn1">
      <value>Conn_01x03_Female</value>
      <footprint>Connector_PinSocket_2.54mm:PinSocket_1x03_P2.54mm_Vertical</footprint>
      <datasheet>~</datasheet>
      <libsource lib="Connector" part="Conn_01x03_Female" description="Generic connector, single row, 01x03, script generated (kicad-library-utils/schlib/autogen/connector/)"/>
      <sheetpath names="/" tstamps="/"/>
      <tstamp>61F7F4C7</tstamp>
    </comp>
    <comp ref="Motor4Conn1">
      <value>Conn_01x03_Female</value>
      <footprint>Connector_PinSocket_2.54mm:PinSocket_1x03_P2.54mm_Vertical</footprint>
      <datasheet>~</datasheet>
      <libsource lib="Connector" part="Conn_01x03_Female" description="Generic connector, single row, 01x03, script generated (kicad-library-utils/schlib/autogen/connector/)"/>
      <sheetpath names="/" tstamps="/"/>
      <tstamp>61F7F4E3</tstamp>
    </comp>
    <comp ref="Motor5Conn1">
      <value>Conn_01x03_Female</value>
      <footprint>Connector_PinSocket_2.54mm:PinSocket_1x03_P2.54mm_Vertical</footprint>
      <datasheet>~</datasheet>
      <libsource lib="Connector" part="Conn_01x03_Female" description="Generic connector, single row, 01x03, script generated (kicad-library-utils/schlib/autogen/connector/)"/>
      <sheetpath names="/" tstamps="/"/>
      <tstamp>61F830A6</tstamp>
    </comp>
    <comp ref="Motor6Conn1">
      <value>Conn_01x03_Female</value>
      <footprint>Connector_PinSocket_2.54mm:PinSocket_1x03_P2.54mm_Vertical</footprint>
      <datasheet>~</datasheet>
      <libsource lib="Connector" part="Conn_01x03_Female" description="Generic connector, single row, 01x03, script generated (kicad-library-utils/schlib/autogen/connector/)"/>
      <sheetpath names="/" tstamps="/"/>
      <tstamp>61F830C2</tstamp>
    </comp>
    <comp ref="C4">
      <value>10uf</value>
      <footprint>Capacitor_SMD:C_0805_2012Metric</footprint>
      <datasheet>~</datasheet>
      <libsource lib="Device" part="C" description="Unpolarized capacitor"/>
      <sheetpath names="/" tstamps="/"/>
      <tstamp>61F87C30</tstamp>
    </comp>
    <comp ref="C5">
      <value>10uf</value>
      <footprint>Capacitor_SMD:C_0805_2012Metric</footprint>
      <datasheet>~</datasheet>
      <libsource lib="Device" part="C" description="Unpolarized capacitor"/>
      <sheetpath names="/" tstamps="/"/>
      <tstamp>61F885D1</tstamp>
    </comp>
    <comp ref="C6">
      <value>10uf</value>
      <footprint>Capacitor_SMD:C_0805_2012Metric</footprint>
      <datasheet>~</datasheet>
      <libsource lib="Device" part="C" description="Unpolarized capacitor"/>
      <sheetpath names="/" tstamps="/"/>
      <tstamp>61F88E88</tstamp>
    </comp>
    <comp ref="C7">
      <value>10uf</value>
      <footprint>Capacitor_SMD:C_0805_2012Metric</footprint>
      <datasheet>~</datasheet>
      <libsource lib="Device" part="C" description="Unpolarized capacitor"/>
      <sheetpath names="/" tstamps="/"/>
      <tstamp>61F896C7</tstamp>
    </comp>
    <comp ref="C8">
      <value>10uf</value>
      <footprint>Capacitor_SMD:C_0805_2012Metric</footprint>
      <datasheet>~</datasheet>
      <libsource lib="Device" part="C" description="Unpolarized capacitor"/>
      <sheetpath names="/" tstamps="/"/>
      <tstamp>61F8A073</tstamp>
    </comp>
    <comp ref="ESP1">
      <value>ESP32-WROOM-32E_M113EH3200PH3Q0_</value>
      <footprint>Motor board:ESP32WROOM32EM113EH3200PH3Q0</footprint>
      <fields>
        <field name="Description">WiFi Modules (802.11) SMD Module ESP32-D0WD-V3, 4 MB SPI flash, PCB antenna</field>
        <field name="Height">3.25</field>
        <field name="Manufacturer_Name">Espressif Systems</field>
        <field name="Manufacturer_Part_Number">ESP32-WROOM-32E(M113EH3200PH3Q0)</field>
        <field name="Mouser Part Number">356-ESP32WRM32E132PH</field>
        <field name="Mouser Price/Stock">https://www.mouser.co.uk/ProductDetail/Espressif-Systems/ESP32-WROOM-32EM113EH3200PH3Q0?qs=vHuUswq2%252Bsx8Xcp7bzmaHA%3D%3D</field>
      </fields>
      <libsource lib="ESP32" part="ESP32-WROOM-32E_M113EH3200PH3Q0_" description="WiFi Modules (802.11) SMD Module ESP32-D0WD-V3, 4 MB SPI flash, PCB antenna"/>
      <sheetpath names="/" tstamps="/"/>
      <tstamp>61F71228</tstamp>
    </comp>
    <comp ref="R9">
      <value>10k</value>
      <footprint>Resistor_SMD:R_0805_2012Metric_Pad1.15x1.40mm_HandSolder</footprint>
      <datasheet>~</datasheet>
      <libsource lib="Device" part="R" description="Resistor"/>
      <sheetpath names="/" tstamps="/"/>
      <tstamp>620172A4</tstamp>
    </comp>
    <comp ref="R8">
      <value>10k</value>
      <footprint>Resistor_SMD:R_0805_2012Metric_Pad1.15x1.40mm_HandSolder</footprint>
      <datasheet>~</datasheet>
      <libsource lib="Device" part="R" description="Resistor"/>
      <sheetpath names="/" tstamps="/"/>
      <tstamp>62019FBA</tstamp>
    </comp>
    <comp ref="R10">
      <value>10k</value>
      <footprint>Resistor_SMD:R_0805_2012Metric_Pad1.15x1.40mm_HandSolder</footprint>
      <datasheet>~</datasheet>
      <libsource lib="Device" part="R" description="Resistor"/>
      <sheetpath names="/" tstamps="/"/>
      <tstamp>6201B90F</tstamp>
    </comp>
    <comp ref="R11">
      <value>10k</value>
      <footprint>Resistor_SMD:R_0805_2012Metric_Pad1.15x1.40mm_HandSolder</footprint>
      <datasheet>~</datasheet>
      <libsource lib="Device" part="R" description="Resistor"/>
      <sheetpath names="/" tstamps="/"/>
      <tstamp>6201C3E2</tstamp>
    </comp>
    <comp ref="R12">
      <value>10k</value>
      <footprint>Resistor_SMD:R_0805_2012Metric_Pad1.15x1.40mm_HandSolder</footprint>
      <datasheet>~</datasheet>
      <libsource lib="Device" part="R" description="Resistor"/>
      <sheetpath names="/" tstamps="/"/>
      <tstamp>6201E475</tstamp>
    </comp>
    <comp ref="R13">
      <value>10k</value>
      <footprint>Resistor_SMD:R_0805_2012Metric_Pad1.15x1.40mm_HandSolder</footprint>
      <datasheet>~</datasheet>
      <libsource lib="Device" part="R" description="Resistor"/>
      <sheetpath names="/" tstamps="/"/>
      <tstamp>6201FEAE</tstamp>
    </comp>
    <comp ref="Barrel_Jack1">
      <value>Barrel_Jack</value>
      <footprint>Connector_BarrelJack:BarrelJack_CUI_PJ-036AH-SMT_Horizontal</footprint>
      <datasheet>none</datasheet>
      <libsource lib="Connector" part="Barrel_Jack" description="DC Barrel Jack"/>
      <sheetpath names="/" tstamps="/"/>
      <tstamp>61F62006</tstamp>
    </comp>
    <comp ref="IC1">
      <value>TPD2E2U06DCKR</value>
      <footprint>Motor board:SOT65P210X110-3N</footprint>
      <datasheet>https://www.ti.com/lit/gpn/TPD2E2U06</datasheet>
      <fields>
        <field name="Description">ESD Suppressors / TVS Diodes</field>
        <field name="Height">1.1</field>
        <field name="Manufacturer_Name">Texas Instruments</field>
        <field name="Manufacturer_Part_Number">TPD2E2U06DCKR</field>
        <field name="Mouser Part Number">595-TPD2E2U06DCKR</field>
        <field name="Mouser Price/Stock">https://www.mouser.co.uk/ProductDetail/Texas-Instruments/TPD2E2U06DCKR?qs=xZ%2FP%252Ba9zWqa9UMTS1HgCWA%3D%3D</field>
      </fields>
      <libsource lib="TPD2" part="TPD2E2U06DCKR" description="ESD Suppressors / TVS Diodes"/>
      <sheetpath names="/" tstamps="/"/>
      <tstamp>6202D15B</tstamp>
    </comp>
    <comp ref="R1">
      <value>10k</value>
      <footprint>Resistor_SMD:R_0805_2012Metric_Pad1.15x1.40mm_HandSolder</footprint>
      <datasheet>~</datasheet>
      <libsource lib="Device" part="R" description="Resistor"/>
      <sheetpath names="/" tstamps="/"/>
      <tstamp>62071F33</tstamp>
    </comp>
    <comp ref="R2">
      <value>10k</value>
      <footprint>Resistor_SMD:R_0805_2012Metric_Pad1.15x1.40mm_HandSolder</footprint>
      <datasheet>~</datasheet>
      <libsource lib="Device" part="R" description="Resistor"/>
      <sheetpath names="/" tstamps="/"/>
      <tstamp>62072D11</tstamp>
    </comp>
    <comp ref="R3">
      <value>10k</value>
      <footprint>Resistor_SMD:R_0805_2012Metric_Pad1.15x1.40mm_HandSolder</footprint>
      <datasheet>~</datasheet>
      <libsource lib="Device" part="R" description="Resistor"/>
      <sheetpath names="/" tstamps="/"/>
      <tstamp>620739F3</tstamp>
    </comp>
    <comp ref="R4">
      <value>10k</value>
      <footprint>Resistor_SMD:R_0805_2012Metric_Pad1.15x1.40mm_HandSolder</footprint>
      <datasheet>~</datasheet>
      <libsource lib="Device" part="R" description="Resistor"/>
      <sheetpath names="/" tstamps="/"/>
      <tstamp>620746C6</tstamp>
    </comp>
    <comp ref="R5">
      <value>10k</value>
      <footprint>Resistor_SMD:R_0805_2012Metric_Pad1.15x1.40mm_HandSolder</footprint>
      <datasheet>~</datasheet>
      <libsource lib="Device" part="R" description="Resistor"/>
      <sheetpath names="/" tstamps="/"/>
      <tstamp>6207543E</tstamp>
    </comp>
    <comp ref="R6">
      <value>10k</value>
      <footprint>Resistor_SMD:R_0805_2012Metric_Pad1.15x1.40mm_HandSolder</footprint>
      <datasheet>~</datasheet>
      <libsource lib="Device" part="R" description="Resistor"/>
      <sheetpath names="/" tstamps="/"/>
      <tstamp>620762B7</tstamp>
    </comp>
    <comp ref="D1">
      <value>LED</value>
      <footprint>LED_SMD:LED_1806_4516Metric_Pad1.57x1.80mm_HandSolder</footprint>
      <datasheet>~</datasheet>
      <libsource lib="Device" part="LED" description="Light emitting diode"/>
      <sheetpath names="/" tstamps="/"/>
      <tstamp>6204B1A1</tstamp>
    </comp>
    <comp ref="R7">
      <value>150</value>
      <footprint>Resistor_SMD:R_0805_2012Metric_Pad1.15x1.40mm_HandSolder</footprint>
      <datasheet>~</datasheet>
      <libsource lib="Device" part="R" description="Resistor"/>
      <sheetpath names="/" tstamps="/"/>
      <tstamp>62053F65</tstamp>
    </comp>
    <comp ref="IC3">
      <value>SN74HC125NSR</value>
      <footprint>Motor board:SOIC127P780X200-14N</footprint>
      <datasheet>http://www.ti.com/lit/gpn/SN74HC125</datasheet>
      <fields>
        <field name="Description">Quadruple Bus Buffer Gates With 3-State Outputs</field>
        <field name="Height">2</field>
        <field name="Manufacturer_Name">Texas Instruments</field>
        <field name="Manufacturer_Part_Number">SN74HC125NSR</field>
        <field name="Mouser Part Number">595-SN74HC125NSR</field>
        <field name="Mouser Price/Stock">https://www.mouser.co.uk/ProductDetail/Texas-Instruments/SN74HC125NSR?qs=AgY10sKTvDLgJxa7Og5dJw%3D%3D</field>
      </fields>
      <libsource lib="74HC125" part="SN74HC125NSR" description="Quadruple Bus Buffer Gates With 3-State Outputs"/>
      <sheetpath names="/" tstamps="/"/>
      <tstamp>6209817D</tstamp>
    </comp>
    <comp ref="C1">
      <value>0.1uf</value>
      <footprint>Capacitor_SMD:C_0805_2012Metric</footprint>
      <datasheet>~</datasheet>
      <libsource lib="Device" part="C" description="Unpolarized capacitor"/>
      <sheetpath names="/" tstamps="/"/>
      <tstamp>620B6650</tstamp>
    </comp>
    <comp ref="C2">
      <value>0.1uf</value>
      <footprint>Capacitor_SMD:C_0805_2012Metric</footprint>
      <datasheet>~</datasheet>
      <libsource lib="Device" part="C" description="Unpolarized capacitor"/>
      <sheetpath names="/" tstamps="/"/>
      <tstamp>620B9C94</tstamp>
    </comp>
    <comp ref="IC2">
      <value>SN74HC125NSR</value>
      <footprint>Motor board:SOIC127P780X200-14N</footprint>
      <datasheet>http://www.ti.com/lit/gpn/SN74HC125</datasheet>
      <fields>
        <field name="Description">Quadruple Bus Buffer Gates With 3-State Outputs</field>
        <field name="Height">2</field>
        <field name="Manufacturer_Name">Texas Instruments</field>
        <field name="Manufacturer_Part_Number">SN74HC125NSR</field>
        <field name="Mouser Part Number">595-SN74HC125NSR</field>
        <field name="Mouser Price/Stock">https://www.mouser.co.uk/ProductDetail/Texas-Instruments/SN74HC125NSR?qs=AgY10sKTvDLgJxa7Og5dJw%3D%3D</field>
      </fields>
      <libsource lib="74HC125" part="SN74HC125NSR" description="Quadruple Bus Buffer Gates With 3-State Outputs"/>
      <sheetpath names="/" tstamps="/"/>
      <tstamp>62084357</tstamp>
    </comp>
    <comp ref="IC4">
      <value>TPD2E2U06DCKR</value>
      <footprint>Motor board:SOT65P210X110-3N</footprint>
      <datasheet>https://www.ti.com/lit/gpn/TPD2E2U06</datasheet>
      <fields>
        <field name="Description">ESD Suppressors / TVS Diodes</field>
        <field name="Height">1.1</field>
        <field name="Manufacturer_Name">Texas Instruments</field>
        <field name="Manufacturer_Part_Number">TPD2E2U06DCKR</field>
        <field name="Mouser Part Number">595-TPD2E2U06DCKR</field>
        <field name="Mouser Price/Stock">https://www.mouser.co.uk/ProductDetail/Texas-Instruments/TPD2E2U06DCKR?qs=xZ%2FP%252Ba9zWqa9UMTS1HgCWA%3D%3D</field>
      </fields>
      <libsource lib="TPD2" part="TPD2E2U06DCKR" description="ESD Suppressors / TVS Diodes"/>
      <sheetpath names="/" tstamps="/"/>
      <tstamp>620EC9A9</tstamp>
    </comp>
  </components>
  <libparts>
    <libpart lib="74HC125" part="SN74HC125NSR">
      <description>Quadruple Bus Buffer Gates With 3-State Outputs</description>
      <docs>http://www.ti.com/lit/gpn/SN74HC125</docs>
      <fields>
        <field name="Reference">IC</field>
        <field name="Value">SN74HC125NSR</field>
        <field name="Footprint">SOIC127P780X200-14N</field>
        <field name="Datasheet">http://www.ti.com/lit/gpn/SN74HC125</field>
        <field name="Description">Quadruple Bus Buffer Gates With 3-State Outputs</field>
        <field name="Height">2</field>
        <field name="Mouser Part Number">595-SN74HC125NSR</field>
        <field name="Mouser Price/Stock">https://www.mouser.co.uk/ProductDetail/Texas-Instruments/SN74HC125NSR?qs=AgY10sKTvDLgJxa7Og5dJw%3D%3D</field>
        <field name="Manufacturer_Name">Texas Instruments</field>
        <field name="Manufacturer_Part_Number">SN74HC125NSR</field>
      </fields>
      <pins>
        <pin num="1" name="1~OE" type="passive"/>
        <pin num="2" name="1A" type="passive"/>
        <pin num="3" name="1Y" type="passive"/>
        <pin num="4" name="2~OE" type="passive"/>
        <pin num="5" name="2A" type="passive"/>
        <pin num="6" name="2Y" type="passive"/>
        <pin num="7" name="GND" type="passive"/>
        <pin num="8" name="3Y" type="passive"/>
        <pin num="9" name="3A" type="passive"/>
        <pin num="10" name="3~OE" type="passive"/>
        <pin num="11" name="4Y" type="passive"/>
        <pin num="12" name="4A" type="passive"/>
        <pin num="13" name="4~OE" type="passive"/>
        <pin num="14" name="VCC" type="passive"/>
      </pins>
    </libpart>
    <libpart lib="Connector" part="Barrel_Jack">
      <aliases>
        <alias>Jack-DC</alias>
      </aliases>
      <description>DC Barrel Jack</description>
      <docs>~</docs>
      <footprints>
        <fp>BarrelJack*</fp>
      </footprints>
      <fields>
        <field name="Reference">J</field>
        <field name="Value">Barrel_Jack</field>
      </fields>
      <pins>
        <pin num="1" name="~" type="passive"/>
        <pin num="2" name="~" type="passive"/>
      </pins>
    </libpart>
    <libpart lib="Connector" part="Conn_01x03_Female">
      <description>Generic connector, single row, 01x03, script generated (kicad-library-utils/schlib/autogen/connector/)</description>
      <docs>~</docs>
      <footprints>
        <fp>Connector*:*_1x??_*</fp>
      </footprints>
      <fields>
        <field name="Reference">J</field>
        <field name="Value">Conn_01x03_Female</field>
      </fields>
      <pins>
        <pin num="1" name="Pin_1" type="passive"/>
        <pin num="2" name="Pin_2" type="passive"/>
        <pin num="3" name="Pin_3" type="passive"/>
      </pins>
    </libpart>
    <libpart lib="Device" part="C">
      <description>Unpolarized capacitor</description>
      <docs>~</docs>
      <footprints>
        <fp>C_*</fp>
      </footprints>
      <fields>
        <field name="Reference">C</field>
        <field name="Value">C</field>
      </fields>
      <pins>
        <pin num="1" name="~" type="passive"/>
        <pin num="2" name="~" type="passive"/>
      </pins>
    </libpart>
    <libpart lib="Device" part="LED">
      <description>Light emitting diode</description>
      <docs>~</docs>
      <footprints>
        <fp>LED*</fp>
        <fp>LED_SMD:*</fp>
        <fp>LED_THT:*</fp>
      </footprints>
      <fields>
        <field name="Reference">D</field>
        <field name="Value">LED</field>
      </fields>
      <pins>
        <pin num="1" name="K" type="passive"/>
        <pin num="2" name="A" type="passive"/>
      </pins>
    </libpart>
    <libpart lib="Device" part="R">
      <description>Resistor</description>
      <docs>~</docs>
      <footprints>
        <fp>R_*</fp>
      </footprints>
      <fields>
        <field name="Reference">R</field>
        <field name="Value">R</field>
      </fields>
      <pins>
        <pin num="1" name="~" type="passive"/>
        <pin num="2" name="~" type="passive"/>
      </pins>
    </libpart>
    <libpart lib="ESP32" part="ESP32-WROOM-32E_M113EH3200PH3Q0_">
      <description>WiFi Modules (802.11) SMD Module ESP32-D0WD-V3, 4 MB SPI flash, PCB antenna</description>
      <fields>
        <field name="Reference">IC</field>
        <field name="Value">ESP32-WROOM-32E_M113EH3200PH3Q0_</field>
        <field name="Footprint">ESP32WROOM32EM113EH3200PH3Q0</field>
        <field name="Description">WiFi Modules (802.11) SMD Module ESP32-D0WD-V3, 4 MB SPI flash, PCB antenna</field>
        <field name="Height">3.25</field>
        <field name="Mouser Part Number">356-ESP32WRM32E132PH</field>
        <field name="Mouser Price/Stock">https://www.mouser.co.uk/ProductDetail/Espressif-Systems/ESP32-WROOM-32EM113EH3200PH3Q0?qs=vHuUswq2%252Bsx8Xcp7bzmaHA%3D%3D</field>
        <field name="Manufacturer_Name">Espressif Systems</field>
        <field name="Manufacturer_Part_Number">ESP32-WROOM-32E(M113EH3200PH3Q0)</field>
      </fields>
      <pins>
        <pin num="1" name="GND_1" type="passive"/>
        <pin num="2" name="3V3" type="passive"/>
        <pin num="3" name="EN" type="passive"/>
        <pin num="4" name="SENSOR_VP" type="passive"/>
        <pin num="5" name="SENSOR_VN" type="passive"/>
        <pin num="6" name="IO34" type="passive"/>
        <pin num="7" name="IO35" type="passive"/>
        <pin num="8" name="IO32" type="passive"/>
        <pin num="9" name="IO33" type="passive"/>
        <pin num="10" name="IO25" type="passive"/>
        <pin num="11" name="IO26" type="passive"/>
        <pin num="12" name="IO27" type="passive"/>
        <pin num="13" name="IO14" type="passive"/>
        <pin num="14" name="IO12" type="passive"/>
        <pin num="15" name="GND_2" type="passive"/>
        <pin num="16" name="IO13" type="passive"/>
        <pin num="17" name="NC_1" type="passive"/>
        <pin num="18" name="NC_2" type="passive"/>
        <pin num="19" name="NC_3" type="passive"/>
        <pin num="20" name="NC_4" type="passive"/>
        <pin num="21" name="NC_5" type="passive"/>
        <pin num="22" name="NC_6" type="passive"/>
        <pin num="23" name="IO15" type="passive"/>
        <pin num="24" name="IO2" type="passive"/>
        <pin num="25" name="IO0" type="passive"/>
        <pin num="26" name="IO4" type="passive"/>
        <pin num="27" name="IO16" type="passive"/>
        <pin num="28" name="IO17" type="passive"/>
        <pin num="29" name="IO5" type="passive"/>
        <pin num="30" name="IO18" type="passive"/>
        <pin num="31" name="IO19" type="passive"/>
        <pin num="32" name="NC_7" type="passive"/>
        <pin num="33" name="IO21" type="passive"/>
        <pin num="34" name="RXD0" type="passive"/>
        <pin num="35" name="TXD0" type="passive"/>
        <pin num="36" name="IO22" type="passive"/>
        <pin num="37" name="IO23" type="passive"/>
        <pin num="38" name="GND_3" type="passive"/>
        <pin num="39" name="GND_4" type="passive"/>
        <pin num="40" name="GND_5" type="passive"/>
        <pin num="41" name="GND_6" type="passive"/>
        <pin num="42" name="GND_7" type="passive"/>
        <pin num="43" name="GND_8" type="passive"/>
        <pin num="44" name="GND_9" type="passive"/>
        <pin num="45" name="GND_10" type="passive"/>
        <pin num="46" name="GND_11" type="passive"/>
        <pin num="47" name="GND_12" type="passive"/>
      </pins>
    </libpart>
    <libpart lib="TPD2" part="TPD2E2U06DCKR">
      <description>ESD Suppressors / TVS Diodes</description>
      <docs>https://www.ti.com/lit/gpn/TPD2E2U06</docs>
      <fields>
        <field name="Reference">IC</field>
        <field name="Value">TPD2E2U06DCKR</field>
        <field name="Footprint">SOT65P210X110-3N</field>
        <field name="Datasheet">https://www.ti.com/lit/gpn/TPD2E2U06</field>
        <field name="Description">ESD Suppressors / TVS Diodes</field>
        <field name="Height">1.1</field>
        <field name="Mouser Part Number">595-TPD2E2U06DCKR</field>
        <field name="Mouser Price/Stock">https://www.mouser.co.uk/ProductDetail/Texas-Instruments/TPD2E2U06DCKR?qs=xZ%2FP%252Ba9zWqa9UMTS1HgCWA%3D%3D</field>
        <field name="Manufacturer_Name">Texas Instruments</field>
        <field name="Manufacturer_Part_Number">TPD2E2U06DCKR</field>
      </fields>
      <pins>
        <pin num="1" name="IO1" type="passive"/>
        <pin num="2" name="IO2" type="passive"/>
        <pin num="3" name="GND" type="passive"/>
      </pins>
    </libpart>
  </libparts>
  <libraries>
    <library logical="74HC125">
      <uri>C:/Users/jsmit/Desktop/ECE 49022/Motor board/Footprints and lib files/SN74HC125/SN74HC125NSR.lib</uri>
    </library>
    <library logical="Connector">
      <uri>C:\Program Files\KiCad\share\kicad\library/Connector.lib</uri>
    </library>
    <library logical="Device">
      <uri>C:\Program Files\KiCad\share\kicad\library/Device.lib</uri>
    </library>
    <library logical="ESP32">
      <uri>C:/Users/jsmit/Desktop/ECE 49022/Motor board/Footprints and lib files/ESP32/ESP32-WROOM-32E_M113EH3200PH3Q.lib</uri>
    </library>
    <library logical="TPD2">
      <uri>C:/Users/jsmit/Desktop/ECE 49022/Motor board/Footprints and lib files/TPD2/TPD2E2U06DCKR.lib</uri>
    </library>
  </libraries>
  <nets>
    <net code="1" name="GNDREF">
      <node ref="C4" pin="2"/>
      <node ref="C3" pin="2"/>
      <node ref="Motor5Conn1" pin="3"/>
      <node ref="Motor1Conn1" pin="3"/>
      <node ref="Motor4Conn1" pin="3"/>
      <node ref="Motor3Conn1" pin="3"/>
      <node ref="IC4" pin="3"/>
      <node ref="C8" pin="2"/>
      <node ref="IC2" pin="1"/>
      <node ref="C7" pin="2"/>
      <node ref="IC2" pin="4"/>
      <node ref="IC2" pin="7"/>
      <node ref="C6" pin="2"/>
      <node ref="IC2" pin="13"/>
      <node ref="C5" pin="2"/>
      <node ref="IC2" pin="10"/>
      <node ref="Barrel_Jack1" pin="2"/>
      <node ref="R7" pin="2"/>
      <node ref="IC3" pin="1"/>
      <node ref="IC3" pin="4"/>
      <node ref="C1" pin="2"/>
      <node ref="IC3" pin="13"/>
      <node ref="IC3" pin="12"/>
      <node ref="IC3" pin="11"/>
      <node ref="IC3" pin="10"/>
      <node ref="IC3" pin="9"/>
      <node ref="IC3" pin="8"/>
      <node ref="IC3" pin="7"/>
      <node ref="IC1" pin="3"/>
      <node ref="Motor6Conn1" pin="3"/>
      <node ref="Motor2Conn1" pin="3"/>
      <node ref="C2" pin="2"/>
    </net>
    <net code="2" name="/5V">
      <node ref="C1" pin="1"/>
      <node ref="Motor6Conn1" pin="2"/>
      <node ref="Motor5Conn1" pin="2"/>
      <node ref="Barrel_Jack1" pin="1"/>
      <node ref="IC1" pin="2"/>
      <node ref="IC1" pin="1"/>
      <node ref="Motor2Conn1" pin="2"/>
      <node ref="C8" pin="1"/>
      <node ref="C7" pin="1"/>
      <node ref="C5" pin="1"/>
      <node ref="C4" pin="1"/>
      <node ref="C6" pin="1"/>
      <node ref="C3" pin="1"/>
      <node ref="Motor1Conn1" pin="2"/>
      <node ref="Motor4Conn1" pin="2"/>
      <node ref="Motor3Conn1" pin="2"/>
      <node ref="IC3" pin="14"/>
      <node ref="C2" pin="1"/>
      <node ref="IC4" pin="1"/>
      <node ref="IC4" pin="2"/>
      <node ref="IC2" pin="14"/>
      <node ref="D1" pin="2"/>
    </net>
    <net code="3" name="/PWM3_5V">
      <node ref="R10" pin="2"/>
      <node ref="IC3" pin="3"/>
    </net>
    <net code="4" name="Net-(D1-Pad1)">
      <node ref="D1" pin="1"/>
      <node ref="R7" pin="1"/>
    </net>
    <net code="5" name="Net-(ESP1-Pad34)">
      <node ref="ESP1" pin="34"/>
    </net>
    <net code="6" name="Net-(ESP1-Pad33)">
      <node ref="ESP1" pin="33"/>
    </net>
    <net code="7" name="Net-(ESP1-Pad32)">
      <node ref="ESP1" pin="32"/>
    </net>
    <net code="8" name="Net-(ESP1-Pad25)">
      <node ref="ESP1" pin="25"/>
    </net>
    <net code="9" name="/PWM1_3.3V">
      <node ref="R6" pin="1"/>
      <node ref="IC2" pin="2"/>
    </net>
    <net code="10" name="Net-(ESP1-Pad30)">
      <node ref="R5" pin="2"/>
      <node ref="ESP1" pin="30"/>
    </net>
    <net code="11" name="/PWM2_3.3V">
      <node ref="IC2" pin="5"/>
      <node ref="R5" pin="1"/>
    </net>
    <net code="12" name="/PWM3_3.3V">
      <node ref="R4" pin="1"/>
      <node ref="IC3" pin="2"/>
    </net>
    <net code="13" name="Net-(ESP1-Pad28)">
      <node ref="R3" pin="2"/>
      <node ref="ESP1" pin="28"/>
    </net>
    <net code="14" name="/PWM4_3.3V">
      <node ref="IC3" pin="5"/>
      <node ref="R3" pin="1"/>
    </net>
    <net code="15" name="Net-(ESP1-Pad27)">
      <node ref="R2" pin="2"/>
      <node ref="ESP1" pin="27"/>
    </net>
    <net code="16" name="/PWM5_3.3V">
      <node ref="R2" pin="1"/>
      <node ref="IC2" pin="11"/>
    </net>
    <net code="17" name="Net-(ESP1-Pad26)">
      <node ref="R1" pin="2"/>
      <node ref="ESP1" pin="26"/>
    </net>
    <net code="18" name="/PWM6_3.3V">
      <node ref="R1" pin="1"/>
      <node ref="IC2" pin="9"/>
    </net>
    <net code="19" name="Net-(ESP1-Pad31)">
      <node ref="R6" pin="2"/>
      <node ref="ESP1" pin="31"/>
    </net>
    <net code="20" name="Net-(ESP1-Pad29)">
      <node ref="R4" pin="2"/>
      <node ref="ESP1" pin="29"/>
    </net>
    <net code="21" name="Net-(ESP1-Pad35)">
      <node ref="ESP1" pin="35"/>
    </net>
    <net code="22" name="/PWM2_5V">
      <node ref="R9" pin="2"/>
      <node ref="IC2" pin="6"/>
    </net>
    <net code="23" name="/PWM1_5V">
      <node ref="R8" pin="2"/>
      <node ref="IC2" pin="3"/>
    </net>
    <net code="24" name="Net-(ESP1-Pad46)">
      <node ref="ESP1" pin="46"/>
    </net>
    <net code="25" name="Net-(ESP1-Pad10)">
      <node ref="ESP1" pin="10"/>
    </net>
    <net code="26" name="Net-(ESP1-Pad9)">
      <node ref="ESP1" pin="9"/>
    </net>
    <net code="27" name="Net-(ESP1-Pad8)">
      <node ref="ESP1" pin="8"/>
    </net>
    <net code="28" name="Net-(ESP1-Pad7)">
      <node ref="ESP1" pin="7"/>
    </net>
    <net code="29" name="Net-(ESP1-Pad6)">
      <node ref="ESP1" pin="6"/>
    </net>
    <net code="30" name="Net-(ESP1-Pad5)">
      <node ref="ESP1" pin="5"/>
    </net>
    <net code="31" name="Net-(ESP1-Pad4)">
      <node ref="ESP1" pin="4"/>
    </net>
    <net code="32" name="Net-(ESP1-Pad3)">
      <node ref="ESP1" pin="3"/>
    </net>
    <net code="33" name="Net-(ESP1-Pad2)">
      <node ref="ESP1" pin="2"/>
    </net>
    <net code="34" name="Net-(ESP1-Pad1)">
      <node ref="ESP1" pin="1"/>
    </net>
    <net code="35" name="Net-(ESP1-Pad47)">
      <node ref="ESP1" pin="47"/>
    </net>
    <net code="36" name="Net-(ESP1-Pad11)">
      <node ref="ESP1" pin="11"/>
    </net>
    <net code="37" name="Net-(ESP1-Pad45)">
      <node ref="ESP1" pin="45"/>
    </net>
    <net code="38" name="Net-(ESP1-Pad44)">
      <node ref="ESP1" pin="44"/>
    </net>
    <net code="39" name="Net-(ESP1-Pad43)">
      <node ref="ESP1" pin="43"/>
    </net>
    <net code="40" name="Net-(ESP1-Pad42)">
      <node ref="ESP1" pin="42"/>
    </net>
    <net code="41" name="Net-(ESP1-Pad41)">
      <node ref="ESP1" pin="41"/>
    </net>
    <net code="42" name="Net-(ESP1-Pad40)">
      <node ref="ESP1" pin="40"/>
    </net>
    <net code="43" name="Net-(ESP1-Pad39)">
      <node ref="ESP1" pin="39"/>
    </net>
    <net code="44" name="Net-(ESP1-Pad38)">
      <node ref="ESP1" pin="38"/>
    </net>
    <net code="45" name="Net-(ESP1-Pad37)">
      <node ref="ESP1" pin="37"/>
    </net>
    <net code="46" name="Net-(ESP1-Pad36)">
      <node ref="ESP1" pin="36"/>
    </net>
    <net code="47" name="Net-(ESP1-Pad22)">
      <node ref="ESP1" pin="22"/>
    </net>
    <net code="48" name="Net-(ESP1-Pad24)">
      <node ref="ESP1" pin="24"/>
    </net>
    <net code="49" name="Net-(ESP1-Pad23)">
      <node ref="ESP1" pin="23"/>
    </net>
    <net code="50" name="Net-(ESP1-Pad21)">
      <node ref="ESP1" pin="21"/>
    </net>
    <net code="51" name="Net-(ESP1-Pad20)">
      <node ref="ESP1" pin="20"/>
    </net>
    <net code="52" name="Net-(ESP1-Pad19)">
      <node ref="ESP1" pin="19"/>
    </net>
    <net code="53" name="Net-(ESP1-Pad18)">
      <node ref="ESP1" pin="18"/>
    </net>
    <net code="54" name="Net-(ESP1-Pad17)">
      <node ref="ESP1" pin="17"/>
    </net>
    <net code="55" name="Net-(ESP1-Pad16)">
      <node ref="ESP1" pin="16"/>
    </net>
    <net code="56" name="Net-(ESP1-Pad15)">
      <node ref="ESP1" pin="15"/>
    </net>
    <net code="57" name="Net-(ESP1-Pad14)">
      <node ref="ESP1" pin="14"/>
    </net>
    <net code="58" name="Net-(ESP1-Pad13)">
      <node ref="ESP1" pin="13"/>
    </net>
    <net code="59" name="Net-(ESP1-Pad12)">
      <node ref="ESP1" pin="12"/>
    </net>
    <net code="60" name="/PWM6_5V">
      <node ref="IC2" pin="8"/>
      <node ref="R13" pin="2"/>
    </net>
    <net code="61" name="Net-(Motor6Conn1-Pad1)">
      <node ref="Motor6Conn1" pin="1"/>
      <node ref="R13" pin="1"/>
    </net>
    <net code="62" name="/PWM5_5V">
      <node ref="R12" pin="2"/>
      <node ref="IC2" pin="12"/>
    </net>
    <net code="63" name="/PWM4_5V">
      <node ref="R11" pin="2"/>
      <node ref="IC3" pin="6"/>
    </net>
    <net code="65" name="Net-(Motor3Conn1-Pad1)">
      <node ref="R10" pin="1"/>
      <node ref="Motor3Conn1" pin="1"/>
    </net>
    <net code="66" name="Net-(Motor4Conn1-Pad1)">
      <node ref="R11" pin="1"/>
      <node ref="Motor4Conn1" pin="1"/>
    </net>
    <net code="67" name="Net-(Motor2Conn1-Pad1)">
      <node ref="Motor2Conn1" pin="1"/>
      <node ref="R9" pin="1"/>
    </net>
    <net code="68" name="Net-(Motor5Conn1-Pad1)">
      <node ref="R12" pin="1"/>
      <node ref="Motor5Conn1" pin="1"/>
    </net>
    <net code="69" name="Net-(Motor1Conn1-Pad1)">
      <node ref="Motor1Conn1" pin="1"/>
      <node ref="R8" pin="1"/>
    </net>
  </nets>
</export>
